name,artistID,id,imageURL,uri
Everyday Life,4gzpq5DPGxSnKTe4SA8HAU,7z0efuBXAnPfu60aOL3QFV,https://i.scdn.co/image/ab67616d0000b2739cb7891368cb117a44561673,spotify:album:7z0efuBXAnPfu60aOL3QFV
Everyday Life,4gzpq5DPGxSnKTe4SA8HAU,2FeyIYDDAQqcOJKOKhvHdr,https://i.scdn.co/image/ab67616d0000b2737b9a76ec264401b223e607a4,spotify:album:2FeyIYDDAQqcOJKOKhvHdr
Everyday Life,4gzpq5DPGxSnKTe4SA8HAU,38dLksLxrS6SBps345nbJI,https://i.scdn.co/image/ab67616d0000b2735d7ea75f672544cfc58e60d8,spotify:album:38dLksLxrS6SBps345nbJI
Everyday Life,4gzpq5DPGxSnKTe4SA8HAU,4dBp8rzdqH9unSndGk6g6o,https://i.scdn.co/image/ab67616d0000b2738e29cfc28fec26fcfc58da3e,spotify:album:4dBp8rzdqH9unSndGk6g6o
Live in Buenos Aires,4gzpq5DPGxSnKTe4SA8HAU,19CvkGjYpifkdwgVJSbog2,https://i.scdn.co/image/ab67616d0000b273fe5f1f4d742869a253036971,spotify:album:19CvkGjYpifkdwgVJSbog2
Love in Tokyo,4gzpq5DPGxSnKTe4SA8HAU,6K1fjArmQ4SEiSDIG9fY01,https://i.scdn.co/image/ab67616d0000b27397f1fa4e876d737bef35f766,spotify:album:6K1fjArmQ4SEiSDIG9fY01
A Head Full of Dreams,4gzpq5DPGxSnKTe4SA8HAU,3cfAM8b8KqJRoIzt3zLKqw,https://i.scdn.co/image/ab67616d0000b273e83a9bda48a241b0e2be0d8b,spotify:album:3cfAM8b8KqJRoIzt3zLKqw
A Head Full of Dreams Tour Edition,4gzpq5DPGxSnKTe4SA8HAU,5IDGBfcVjwMoGPKOsfyXLN,https://i.scdn.co/image/ab67616d0000b273b1bae8779d8a685f8ddc98a5,spotify:album:5IDGBfcVjwMoGPKOsfyXLN
Ghost Stories Live 2014,4gzpq5DPGxSnKTe4SA8HAU,1hNS0RsxPTFjmKXCgmjSLS,https://i.scdn.co/image/ab67616d0000b273e17c11c195f80da123e17dde,spotify:album:1hNS0RsxPTFjmKXCgmjSLS
Ghost Stories,4gzpq5DPGxSnKTe4SA8HAU,2G4AUqfwxcV1UdQjm2ouYr,https://i.scdn.co/image/ab67616d0000b2731cbd0d5849b51c79c99e7b87,spotify:album:2G4AUqfwxcV1UdQjm2ouYr
Mylo Xyloto,4gzpq5DPGxSnKTe4SA8HAU,5KW3bBpEv3bvxAZ3MACEEz,https://i.scdn.co/image/ab67616d0000b27363318fdeafd155aa2b8f2eb5,spotify:album:5KW3bBpEv3bvxAZ3MACEEz
Mylo Xyloto,4gzpq5DPGxSnKTe4SA8HAU,2R7iJz5uaHjLEVnMkloO18,https://i.scdn.co/image/ab67616d0000b273c471949318c6c7cfef0111fd,spotify:album:2R7iJz5uaHjLEVnMkloO18
Mylo Xyloto,4gzpq5DPGxSnKTe4SA8HAU,5GykKNn2KjofEoA8SpNnuw,https://i.scdn.co/image/ab67616d0000b2732bc6438bbddf8ad6737f5f52,spotify:album:5GykKNn2KjofEoA8SpNnuw
Viva La Vida (Prospekt's March Edition),4gzpq5DPGxSnKTe4SA8HAU,6JlhIoegCcjtdbTQbypS8R,https://i.scdn.co/image/ab67616d0000b27366c47c66372c3296e5ca5901,spotify:album:6JlhIoegCcjtdbTQbypS8R
Viva La Vida (Prospekt's March Edition),4gzpq5DPGxSnKTe4SA8HAU,71pRFAwHBLrjKYRG7V1Q2o,https://i.scdn.co/image/ab67616d0000b273f0d9835b9650f49aa3a420e7,spotify:album:71pRFAwHBLrjKYRG7V1Q2o
Viva La Vida (Prospekt's March Edition),4gzpq5DPGxSnKTe4SA8HAU,2LIlrvVO0NP48jamVdlDo3,https://i.scdn.co/image/ab67616d0000b2735c291063cfae3d7617232d42,spotify:album:2LIlrvVO0NP48jamVdlDo3
Viva La Vida (Prospekt's March Edition),4gzpq5DPGxSnKTe4SA8HAU,1MnAljVs4hcGU6pTcK2jdT,https://i.scdn.co/image/ab67616d0000b27358234351fb7b46263fa63554,spotify:album:1MnAljVs4hcGU6pTcK2jdT
Viva La Vida (Prospekt's March Edition),4gzpq5DPGxSnKTe4SA8HAU,4XTT0NcNHyvl6h9JX2AfEi,https://i.scdn.co/image/ab67616d0000b27334b6ff2471439e412309fee8,spotify:album:4XTT0NcNHyvl6h9JX2AfEi
Viva La Vida or Death and All His Friends,4gzpq5DPGxSnKTe4SA8HAU,0cnd1tlGnbfScH1KWwgxan,https://i.scdn.co/image/ab67616d0000b2738027c7d134c5b774f26aa938,spotify:album:0cnd1tlGnbfScH1KWwgxan
Viva La Vida or Death and All His Friends,4gzpq5DPGxSnKTe4SA8HAU,4Uo9tGSEkAUYHWfVGHhhZm,https://i.scdn.co/image/ab67616d0000b27312c11ecd6fe8979b68e76624,spotify:album:4Uo9tGSEkAUYHWfVGHhhZm
Changes,1uNFoZAHBGtllmzznpCI3s,63iWSELt9V1kV6RSMxN7Ii,https://i.scdn.co/image/ab67616d0000b2737fe4a82a08c4f0decbeddbc6,spotify:album:63iWSELt9V1kV6RSMxN7Ii
Purpose (Deluxe),1uNFoZAHBGtllmzznpCI3s,6Fr2rQkZ383FcMqFyT7yPr,https://i.scdn.co/image/ab67616d0000b273f46b9d202509a8f7384b90de,spotify:album:6Fr2rQkZ383FcMqFyT7yPr
Purpose (Deluxe),1uNFoZAHBGtllmzznpCI3s,3jJ5HhbOC2KB5fOZ2RgJTo,https://i.scdn.co/image/ab67616d0000b273bc805943adb4adde1555b130,spotify:album:3jJ5HhbOC2KB5fOZ2RgJTo
Journals,1uNFoZAHBGtllmzznpCI3s,1rknZw4cyL9NInAqSwc8AA,https://i.scdn.co/image/ab67616d0000b27358ae8fddecbd2630005409c9,spotify:album:1rknZw4cyL9NInAqSwc8AA
Journals,1uNFoZAHBGtllmzznpCI3s,7Cz0XcQzoxUi7L7sfgXLml,https://i.scdn.co/image/ab67616d0000b273aac2a4189ed89b369c539df6,spotify:album:7Cz0XcQzoxUi7L7sfgXLml
Believe Acoustic,1uNFoZAHBGtllmzznpCI3s,1RMfz6rbIyrQYChfcCoiJ4,https://i.scdn.co/image/ab67616d0000b27347a09610fbdadcba48b8fa9e,spotify:album:1RMfz6rbIyrQYChfcCoiJ4
Believe Acoustic,1uNFoZAHBGtllmzznpCI3s,4yz9rO7Q1UC2rK5eLOxmS7,https://i.scdn.co/image/ab67616d0000b273892e9f9e3ad986310334a3d7,spotify:album:4yz9rO7Q1UC2rK5eLOxmS7
Believe (Deluxe Edition),1uNFoZAHBGtllmzznpCI3s,70f70xLCpH7wHaVvB2oZT9,https://i.scdn.co/image/ab67616d0000b2736c20c4638a558132ba95bc39,spotify:album:70f70xLCpH7wHaVvB2oZT9
Believe,1uNFoZAHBGtllmzznpCI3s,5cxMa6oLINJzmZ8lF7wWQN,https://i.scdn.co/image/ab67616d0000b273f1d02a6cec967f8b6b78f76e,spotify:album:5cxMa6oLINJzmZ8lF7wWQN
Believe (Deluxe Edition),1uNFoZAHBGtllmzznpCI3s,1ewP1pI4qMOpd5GJCSzSFM,https://i.scdn.co/image/ab67616d0000b273c8b3234ca56b40e5be87e35d,spotify:album:1ewP1pI4qMOpd5GJCSzSFM
Never Say Never - The Remixes,1uNFoZAHBGtllmzznpCI3s,0wZJCeyfJ0LVrrtH4CwQYw,https://i.scdn.co/image/ab67616d0000b27349130b16d4190db1d6822e59,spotify:album:0wZJCeyfJ0LVrrtH4CwQYw
Never Say Never - The Remixes,1uNFoZAHBGtllmzznpCI3s,67yocJ5ii5veHPFAayupUM,https://i.scdn.co/image/ab67616d0000b27309a72c3863c3f55d4a27445e,spotify:album:67yocJ5ii5veHPFAayupUM
Under The Mistletoe,1uNFoZAHBGtllmzznpCI3s,3cr4Xgz8nnfp7iYbVqwzzH,https://i.scdn.co/image/ab67616d0000b273d6f09cd018abf29bde1785f5,spotify:album:3cr4Xgz8nnfp7iYbVqwzzH
Under The Mistletoe,1uNFoZAHBGtllmzznpCI3s,0sH0tKZWzQlRVGv9rcwYEp,https://i.scdn.co/image/ab67616d0000b273b35cf57acf426c4245f1703c,spotify:album:0sH0tKZWzQlRVGv9rcwYEp
Under The Mistletoe (Deluxe Edition),1uNFoZAHBGtllmzznpCI3s,6CfqnSKx0p1GCjdRpY0JAS,https://i.scdn.co/image/ab67616d0000b2730e248f1475ef0e0d51c39cb2,spotify:album:6CfqnSKx0p1GCjdRpY0JAS
Under The Mistletoe (Deluxe Edition),1uNFoZAHBGtllmzznpCI3s,63MKT9hwmiMFFdFp5SdB1p,https://i.scdn.co/image/ab67616d0000b2730315efc555d5a157b0392652,spotify:album:63MKT9hwmiMFFdFp5SdB1p
Under The Mistletoe (Deluxe Edition),1uNFoZAHBGtllmzznpCI3s,790wpCevrVtF2E6wMYHqFc,https://i.scdn.co/image/ab67616d0000b273b1d17b43a6497b7ab4b28df8,spotify:album:790wpCevrVtF2E6wMYHqFc
My World 2.0,1uNFoZAHBGtllmzznpCI3s,3BmcYMh0KYsimWL6p2gPa9,https://i.scdn.co/image/ab67616d0000b273629dc9e2e3bc20bbd7d92e4a,spotify:album:3BmcYMh0KYsimWL6p2gPa9
My Worlds (International Version),1uNFoZAHBGtllmzznpCI3s,0ALfQaGYSvcRNV5OLbixA3,https://i.scdn.co/image/ab67616d0000b2735832ee286fa8a6964ceb960a,spotify:album:0ALfQaGYSvcRNV5OLbixA3
My Worlds (Oz Version),1uNFoZAHBGtllmzznpCI3s,0LFbHl14nV9InXzoj9qV33,https://i.scdn.co/image/ab67616d0000b273fca282f3c60a005e60105864,spotify:album:0LFbHl14nV9InXzoj9qV33
After Hours (Deluxe),1Xyo4u8uXC1ZmMpatF05PJ,6YlDIxqEjvY63ffH6AwCjd,https://i.scdn.co/image/ab67616d0000b27380880b62143e819e901d8465,spotify:album:6YlDIxqEjvY63ffH6AwCjd
After Hours (Deluxe),1Xyo4u8uXC1ZmMpatF05PJ,5OrhhWHH015Al0f85fzFIC,https://i.scdn.co/image/ab67616d0000b273b15808aaebd02a5046cdf13f,spotify:album:5OrhhWHH015Al0f85fzFIC
After Hours,1Xyo4u8uXC1ZmMpatF05PJ,4yP0hdKOZPNshxUOjY0cZj,https://i.scdn.co/image/ab67616d0000b2738863bc11d2aa12b54f5aeb36,spotify:album:4yP0hdKOZPNshxUOjY0cZj
After Hours,1Xyo4u8uXC1ZmMpatF05PJ,03NCvBIGqzLPhLoi4pDb3L,https://i.scdn.co/image/ab67616d0000b27381a3bb9348718b9703364c1c,spotify:album:03NCvBIGqzLPhLoi4pDb3L
"My Dear Melancholy,",1Xyo4u8uXC1ZmMpatF05PJ,4qZBW3f2Q8y0k1A84d4iAO,https://i.scdn.co/image/ab67616d0000b2731f6a2a40bb692936879db730,spotify:album:4qZBW3f2Q8y0k1A84d4iAO
"My Dear Melancholy,",1Xyo4u8uXC1ZmMpatF05PJ,3iv1Dt4wzwNecgtK5rc0n1,https://i.scdn.co/image/ab67616d0000b273b6505c9e982312c40f39cf21,spotify:album:3iv1Dt4wzwNecgtK5rc0n1
Starboy,1Xyo4u8uXC1ZmMpatF05PJ,2ODvWsOgouMbaA5xf0RkJe,https://i.scdn.co/image/ab67616d0000b2734718e2b124f79258be7bc452,spotify:album:2ODvWsOgouMbaA5xf0RkJe
Starboy,1Xyo4u8uXC1ZmMpatF05PJ,476LG301zNjK4JIk5upX3Z,https://i.scdn.co/image/ab67616d0000b273d901766849d6623739f7c86d,spotify:album:476LG301zNjK4JIk5upX3Z
Starboy,1Xyo4u8uXC1ZmMpatF05PJ,4AdZV63ycxFLF6Hcol0QnB,https://i.scdn.co/image/ab67616d0000b273a048415db06a5b6fa7ec4e1a,spotify:album:4AdZV63ycxFLF6Hcol0QnB
Beauty Behind The Madness,1Xyo4u8uXC1ZmMpatF05PJ,36yJ6fcaSCVsK1tybnNizj,https://i.scdn.co/image/ab67616d0000b273bdb8178fbb193a382939fd93,spotify:album:36yJ6fcaSCVsK1tybnNizj
Beauty Behind The Madness,1Xyo4u8uXC1ZmMpatF05PJ,0P3oVJBFOv3TDXlYRhGL7s,https://i.scdn.co/image/ab67616d0000b2737fcead687e99583072cc217b,spotify:album:0P3oVJBFOv3TDXlYRhGL7s
Beauty Behind The Madness,1Xyo4u8uXC1ZmMpatF05PJ,7itCnIV6547QPjB5pnRY6y,https://i.scdn.co/image/ab67616d0000b2738cab2b4eec5f4c5da4778c9c,spotify:album:7itCnIV6547QPjB5pnRY6y
Beauty Behind The Madness,1Xyo4u8uXC1ZmMpatF05PJ,7q6thErM1TVz3wu46kynOe,https://i.scdn.co/image/ab67616d0000b273f9d69d6882604a93cdf222a9,spotify:album:7q6thErM1TVz3wu46kynOe
Kiss Land (Deluxe),1Xyo4u8uXC1ZmMpatF05PJ,6wRev1uYL0JsMsWqktJuVi,https://i.scdn.co/image/ab67616d0000b273b06645ac5eaf2249c4f5fac7,spotify:album:6wRev1uYL0JsMsWqktJuVi
Kiss Land (Deluxe MENA Version),1Xyo4u8uXC1ZmMpatF05PJ,0a6nvQQ7hqmFbqAZVUanDW,https://i.scdn.co/image/ab67616d0000b273acfa30215ee6ab1f00ed1b60,spotify:album:0a6nvQQ7hqmFbqAZVUanDW
Kiss Land,1Xyo4u8uXC1ZmMpatF05PJ,522VpsDblCDf3rMSnDU4tZ,https://i.scdn.co/image/ab67616d0000b273ea2cf218d061be959dc51967,spotify:album:522VpsDblCDf3rMSnDU4tZ
Kiss Land,1Xyo4u8uXC1ZmMpatF05PJ,3hhDpPtCFuQbppwYgsVhMO,https://i.scdn.co/image/ab67616d0000b273e4860d5331509e2c9ee4de10,spotify:album:3hhDpPtCFuQbppwYgsVhMO
Kiss Land,1Xyo4u8uXC1ZmMpatF05PJ,2FgMWuwMeTgJArP2RF3upF,https://i.scdn.co/image/ab67616d0000b273cc4df3b6bd890e264413df83,spotify:album:2FgMWuwMeTgJArP2RF3upF
Kiss Land,1Xyo4u8uXC1ZmMpatF05PJ,06BVKwLNcCUpgHO5FnBKsa,https://i.scdn.co/image/ab67616d0000b273abec4392527f422373c6693b,spotify:album:06BVKwLNcCUpgHO5FnBKsa
Trilogy,1Xyo4u8uXC1ZmMpatF05PJ,4NQNWfXDGo6MPCscpwuTgz,https://i.scdn.co/image/ab67616d0000b2733136a0e97601e1104c93a4e7,spotify:album:4NQNWfXDGo6MPCscpwuTgz
Dark Lane Demo Tapes,3TVXtAsR1Inumwj472S9r4,6OQ9gBfg5EXeNAEwGSs6jK,https://i.scdn.co/image/ab67616d0000b273bba7cfaf7c59ff0898acba1f,spotify:album:6OQ9gBfg5EXeNAEwGSs6jK
Dark Lane Demo Tapes,3TVXtAsR1Inumwj472S9r4,45c1tgTktunRMmfh3WVh8U,https://i.scdn.co/image/ab67616d0000b273065ff473889ad0080b17aded,spotify:album:45c1tgTktunRMmfh3WVh8U
Care Package,3TVXtAsR1Inumwj472S9r4,7dqpveMVcWgbzqYrOdkFTD,https://i.scdn.co/image/ab67616d0000b2739c1e02d4becb7c5bbca01e2a,spotify:album:7dqpveMVcWgbzqYrOdkFTD
Care Package,3TVXtAsR1Inumwj472S9r4,6CY70qRxPutN3VKfYhNREa,https://i.scdn.co/image/ab67616d0000b2731f853c4891e0bc6210b88909,spotify:album:6CY70qRxPutN3VKfYhNREa
So Far Gone,3TVXtAsR1Inumwj472S9r4,2podUJIFG8hLfFz7Kqe8yJ,https://i.scdn.co/image/ab67616d0000b27397639c703b41454a3242a0f7,spotify:album:2podUJIFG8hLfFz7Kqe8yJ
Scorpion,3TVXtAsR1Inumwj472S9r4,1ATL5GLyefJaxhQzSPVrLX,https://i.scdn.co/image/ab67616d0000b273f907de96b9a4fbc04accc0d5,spotify:album:1ATL5GLyefJaxhQzSPVrLX
Scorpion,3TVXtAsR1Inumwj472S9r4,42wvKYHFezpmDuAP43558f,https://i.scdn.co/image/ab67616d0000b273c185e37be2a06b5c6f2dc704,spotify:album:42wvKYHFezpmDuAP43558f
More Life,3TVXtAsR1Inumwj472S9r4,1lXY618HWkwYKJWBRYR4MK,https://i.scdn.co/image/ab67616d0000b2734f0fd9dad63977146e685700,spotify:album:1lXY618HWkwYKJWBRYR4MK
More Life,3TVXtAsR1Inumwj472S9r4,4dvkEfxroInqojJWP06R2V,https://i.scdn.co/image/ab67616d0000b273b5e29a4897d7cce79673910a,spotify:album:4dvkEfxroInqojJWP06R2V
Views,3TVXtAsR1Inumwj472S9r4,0G1ffjfFuTUTVjDrVdLimH,https://i.scdn.co/image/ab67616d0000b27382e3e6968e73ec00a9f7861b,spotify:album:0G1ffjfFuTUTVjDrVdLimH
Views,3TVXtAsR1Inumwj472S9r4,5Eh3UJQnR3SRcYAuNTlj2s,https://i.scdn.co/image/ab67616d0000b273727b9ee94a6013623aae49c4,spotify:album:5Eh3UJQnR3SRcYAuNTlj2s
Views,3TVXtAsR1Inumwj472S9r4,40GMAhriYJRO1rsY4YdrZb,https://i.scdn.co/image/ab67616d0000b2739416ed64daf84936d89e671c,spotify:album:40GMAhriYJRO1rsY4YdrZb
Views,3TVXtAsR1Inumwj472S9r4,2yIwhsIWGRQzGQdn1czSK0,https://i.scdn.co/image/ab67616d0000b27372d0af2341359a90710c1fdc,spotify:album:2yIwhsIWGRQzGQdn1czSK0
What A Time To Be Alive,3TVXtAsR1Inumwj472S9r4,15QCBYjP6HwHvsff100UBx,https://i.scdn.co/image/ab67616d0000b2736acaae5585628cc2a97f053f,spotify:album:15QCBYjP6HwHvsff100UBx
What A Time To Be Alive,3TVXtAsR1Inumwj472S9r4,1ozpmkWcCHwsQ4QTnxOOdT,https://i.scdn.co/image/ab67616d0000b273d6adfbd3f091d6f2b9af6507,spotify:album:1ozpmkWcCHwsQ4QTnxOOdT
If You're Reading This It's Too Late,3TVXtAsR1Inumwj472S9r4,0ptlfJfwGTy0Yvrk14JK1I,https://i.scdn.co/image/ab67616d0000b2732090f4f6cc406e6d3c306733,spotify:album:0ptlfJfwGTy0Yvrk14JK1I
If You're Reading This It's Too Late,3TVXtAsR1Inumwj472S9r4,5bqZfS9HUBTtxW0UiG05qC,https://i.scdn.co/image/ab67616d0000b273999336f9d65444ba75ca9927,spotify:album:5bqZfS9HUBTtxW0UiG05qC
Nothing Was The Same (Deluxe),3TVXtAsR1Inumwj472S9r4,2ZUFSbIkmFkGag000RWOpA,https://i.scdn.co/image/ab67616d0000b273adfb5909ec66db5fbb4d06c8,spotify:album:2ZUFSbIkmFkGag000RWOpA
Nothing Was The Same (Deluxe),3TVXtAsR1Inumwj472S9r4,5mz0mJxb80gqJIcRf9LGHJ,https://i.scdn.co/image/ab67616d0000b273a4dfa7122ec07fe3a1af22e7,spotify:album:5mz0mJxb80gqJIcRf9LGHJ
Nothing Was The Same (Deluxe),3TVXtAsR1Inumwj472S9r4,5dyR0ROpw6MEAwhoi3jFHs,https://i.scdn.co/image/ab67616d0000b2739510fda169edf245492e8bb4,spotify:album:5dyR0ROpw6MEAwhoi3jFHs
Colores,1vyhD5VmyZ7KMfW5gqLgo5,2mX8ktJoWvyidWBU9U8Jis,https://i.scdn.co/image/ab67616d0000b27335692baca45542527d742d0d,spotify:album:2mX8ktJoWvyidWBU9U8Jis
OASIS,1vyhD5VmyZ7KMfW5gqLgo5,6ylFfzx32ICw4L1A7YWNLN,https://i.scdn.co/image/ab67616d0000b2734891d9b25d8919448388f3bb,spotify:album:6ylFfzx32ICw4L1A7YWNLN
Vibras,1vyhD5VmyZ7KMfW5gqLgo5,5kprdYds6oZb4iSldfflOT,https://i.scdn.co/image/ab67616d0000b273dda2b86297d3bfb519f8b785,spotify:album:5kprdYds6oZb4iSldfflOT
Energía Lado B,1vyhD5VmyZ7KMfW5gqLgo5,79447qgPdAlZVX0Xx4Fzfv,https://i.scdn.co/image/ab67616d0000b2731ac03000e1c34ae37a03ecfa,spotify:album:79447qgPdAlZVX0Xx4Fzfv
Energía,1vyhD5VmyZ7KMfW5gqLgo5,0iNN3Cyh2n4DrBTICqyC2E,https://i.scdn.co/image/ab67616d0000b273dc4b96c4ccd1ac672b804c61,spotify:album:0iNN3Cyh2n4DrBTICqyC2E
Energía,1vyhD5VmyZ7KMfW5gqLgo5,2G24iquUtWrS3H36y5T1HO,https://i.scdn.co/image/ab67616d0000b2735d5c4f3080d79d86bd98f2c4,spotify:album:2G24iquUtWrS3H36y5T1HO
Energía,1vyhD5VmyZ7KMfW5gqLgo5,4cGc9Eeb3Gjff2Aq5ILLEf,https://i.scdn.co/image/ab67616d0000b273734b36a0655aae40d78d70f4,spotify:album:4cGc9Eeb3Gjff2Aq5ILLEf
La Familia B Sides,1vyhD5VmyZ7KMfW5gqLgo5,4loQMkHOAbqVdyb59KBbsp,https://i.scdn.co/image/ab67616d0000b2734277da4c011dcc87f012bbab,spotify:album:4loQMkHOAbqVdyb59KBbsp
La Familia,1vyhD5VmyZ7KMfW5gqLgo5,5Fqdd85mAoGDp0K9lmbPDp,https://i.scdn.co/image/ab67616d0000b273ac89ab9bfbeaebb9ded4ceba,spotify:album:5Fqdd85mAoGDp0K9lmbPDp
La Familia,1vyhD5VmyZ7KMfW5gqLgo5,0eaYHx42IseJf6jfxKi2Nr,https://i.scdn.co/image/ab67616d0000b273eb748e8ded0f408299326b94,spotify:album:0eaYHx42IseJf6jfxKi2Nr
J Balvin Mix Tape,1vyhD5VmyZ7KMfW5gqLgo5,1xMq6o4CDAa2X0WquvhHkX,https://i.scdn.co/image/ab67616d0000b2734902075042e1fce8ae934d8f,spotify:album:1xMq6o4CDAa2X0WquvhHkX
No.6 Collaborations Project,6eUKZXaKkcviH0Ku9w2n3V,3oIFxDIo2fwuk4lwCmFZCx,https://i.scdn.co/image/ab67616d0000b27373304ce0653c7758dd94b259,spotify:album:3oIFxDIo2fwuk4lwCmFZCx
No.6 Collaborations Project,6eUKZXaKkcviH0Ku9w2n3V,5oUZ9TEZR3wOdvqzowuNwl,https://i.scdn.co/image/ab67616d0000b2737ed2a6d678a53a5959b2894f,spotify:album:5oUZ9TEZR3wOdvqzowuNwl
÷ (Deluxe),6eUKZXaKkcviH0Ku9w2n3V,3T4tUhGYeRNVUGevb0wThu,https://i.scdn.co/image/ab67616d0000b273ba5db46f4b838ef6027e6f96,spotify:album:3T4tUhGYeRNVUGevb0wThu
x (Wembley Edition),6eUKZXaKkcviH0Ku9w2n3V,0MeOIA0wwSa6nW79jy8QcZ,https://i.scdn.co/image/ab67616d0000b273407981084d79d283e24d428e,spotify:album:0MeOIA0wwSa6nW79jy8QcZ
5,6eUKZXaKkcviH0Ku9w2n3V,2hyDesSAYNefikDJXlqhPE,https://i.scdn.co/image/ab67616d0000b2732fec3ad10ab2f3a637e7a127,spotify:album:2hyDesSAYNefikDJXlqhPE
x (Deluxe Edition),6eUKZXaKkcviH0Ku9w2n3V,1xn54DMo2qIqBuMqHtUsFd,https://i.scdn.co/image/ab67616d0000b27313b3e37318a0c247b550bccd,spotify:album:1xn54DMo2qIqBuMqHtUsFd
x (Wembley Edition),6eUKZXaKkcviH0Ku9w2n3V,0Yi8StK0Si3u2bLr3Qsm2Q,https://i.scdn.co/image/ab67616d0000b273b81ce469fb895a3dbd7f896d,spotify:album:0Yi8StK0Si3u2bLr3Qsm2Q
x (Wembley Edition),6eUKZXaKkcviH0Ku9w2n3V,6NoBzYmh5gUusGPCfg0pct,https://i.scdn.co/image/ab67616d0000b273d08209944468440145f01524,spotify:album:6NoBzYmh5gUusGPCfg0pct
x (Wembley Edition),6eUKZXaKkcviH0Ku9w2n3V,3hA2oZbZwHU8tSPBFIZhFr,https://i.scdn.co/image/ab67616d0000b273036cb2ddc525efe3420f3791,spotify:album:3hA2oZbZwHU8tSPBFIZhFr
Live at the Bedford,6eUKZXaKkcviH0Ku9w2n3V,4JUtnlZKdLr01xEIymhm0G,https://i.scdn.co/image/ab67616d0000b2734dc715d4872af21780dc2b1e,spotify:album:4JUtnlZKdLr01xEIymhm0G
Loose Change,6eUKZXaKkcviH0Ku9w2n3V,3QbPtoOWiJqZurXXxJwaOD,https://i.scdn.co/image/ab67616d0000b273bc17a9c21d5a81d341945ed2,spotify:album:3QbPtoOWiJqZurXXxJwaOD
+,6eUKZXaKkcviH0Ku9w2n3V,1slAnKc9Ykyght8EI9Y0dM,https://i.scdn.co/image/ab67616d0000b273d4e0fdd4c41a4f9bfd884301,spotify:album:1slAnKc9Ykyght8EI9Y0dM
+,6eUKZXaKkcviH0Ku9w2n3V,3w0VffyaakTvUtTwjPCo7Y,https://i.scdn.co/image/ab67616d0000b2730a2dead039b62247c8c0865e,spotify:album:3w0VffyaakTvUtTwjPCo7Y
+,6eUKZXaKkcviH0Ku9w2n3V,02pi98kE0nra0yBqCStzbC,https://i.scdn.co/image/ab67616d0000b273ed139c2e0e3681cc2d35e256,spotify:album:02pi98kE0nra0yBqCStzbC
+,6eUKZXaKkcviH0Ku9w2n3V,0W5GGnapMz0VwemQvJDqa7,https://i.scdn.co/image/ab67616d0000b273f0e911d0e5aadefc431bf34a,spotify:album:0W5GGnapMz0VwemQvJDqa7
+,6eUKZXaKkcviH0Ku9w2n3V,2PNtGh8cixtb0oXjbGkUnZ,https://i.scdn.co/image/ab67616d0000b273b9f849804597cf61da3f5a06,spotify:album:2PNtGh8cixtb0oXjbGkUnZ
No.5 Collaborations Project,6eUKZXaKkcviH0Ku9w2n3V,6DpIyaMgt5p9HlGd1c0LDM,https://i.scdn.co/image/ab67616d0000b2733c33fbe943babf9510e3715c,spotify:album:6DpIyaMgt5p9HlGd1c0LDM
k bye for now (swt live),66CXWjxzNUsdJxJ2JdwvnR,5UACk85y1hNRSUtY0ss8pb,https://i.scdn.co/image/ab67616d0000b273d0f561d8bb164349dccbfde4,spotify:album:5UACk85y1hNRSUtY0ss8pb
"thank u, next",66CXWjxzNUsdJxJ2JdwvnR,2fYhqwDWXjbpjaIJPEfKFw,https://i.scdn.co/image/ab67616d0000b27356ac7b86e090f307e218e9c8,spotify:album:2fYhqwDWXjbpjaIJPEfKFw
Sweetener,66CXWjxzNUsdJxJ2JdwvnR,3tx8gQqWbGwqIGZHqDNrGe,https://i.scdn.co/image/ab67616d0000b273c3af0c2355c24ed7023cd394,spotify:album:3tx8gQqWbGwqIGZHqDNrGe
Sweetener,66CXWjxzNUsdJxJ2JdwvnR,5KOu62BJwwCJTfyyAaEbZk,https://i.scdn.co/image/ab67616d0000b2738e1fa66c1a8f12076378cfb3,spotify:album:5KOu62BJwwCJTfyyAaEbZk
"thank u, next",66CXWjxzNUsdJxJ2JdwvnR,6sUzNE1SPNLBXBCZs3PIAO,https://i.scdn.co/image/ab67616d0000b27379826f235cf8bc00256db3a6,spotify:album:6sUzNE1SPNLBXBCZs3PIAO
Christmas & Chill (Japan Version),66CXWjxzNUsdJxJ2JdwvnR,2A1KyqHu1DmLtjXpIMNoQq,https://i.scdn.co/image/ab67616d0000b27306c6b13f577db624e75bde2b,spotify:album:2A1KyqHu1DmLtjXpIMNoQq
Dangerous Woman,66CXWjxzNUsdJxJ2JdwvnR,1TVt7uWfV3vLiU8bEmBEWL,https://i.scdn.co/image/ab67616d0000b273b842fde1e6ec2fba47506811,spotify:album:1TVt7uWfV3vLiU8bEmBEWL
Dangerous Woman,66CXWjxzNUsdJxJ2JdwvnR,3OZgEywV4krCZ814pTJWr7,https://i.scdn.co/image/ab67616d0000b2735f9393fda71e7df39b34defd,spotify:album:3OZgEywV4krCZ814pTJWr7
Dangerous Woman,66CXWjxzNUsdJxJ2JdwvnR,3pdKKSqqLVIKmRTGw0x2N7,https://i.scdn.co/image/ab67616d0000b273628d506d5bddb09099db242c,spotify:album:3pdKKSqqLVIKmRTGw0x2N7
Dangerous Woman,66CXWjxzNUsdJxJ2JdwvnR,2ZUhCoeloo6Kd6w0HK9En6,https://i.scdn.co/image/ab67616d0000b273edb929261567beb0a6f5d096,spotify:album:2ZUhCoeloo6Kd6w0HK9En6
Dangerous Woman,66CXWjxzNUsdJxJ2JdwvnR,0ku0TzH0npL8HjnnBSz90h,https://i.scdn.co/image/ab67616d0000b273d34a7101c9bf9f543dde128b,spotify:album:0ku0TzH0npL8HjnnBSz90h
Dangerous Woman,66CXWjxzNUsdJxJ2JdwvnR,008gkJbe7n4eG8cifJOyKY,https://i.scdn.co/image/ab67616d0000b27312fce31bb808ddfdf9c9ce4f,spotify:album:008gkJbe7n4eG8cifJOyKY
Dangerous Woman,66CXWjxzNUsdJxJ2JdwvnR,1QRP5lutJodPixU2EWfnD7,https://i.scdn.co/image/ab67616d0000b27333342c57a9b2c4e04c97b3f5,spotify:album:1QRP5lutJodPixU2EWfnD7
My Everything (Italian Edition),66CXWjxzNUsdJxJ2JdwvnR,2LFT0OnfZzsvjcU7bNMM7W,https://i.scdn.co/image/ab67616d0000b2734a6994bb7b7ae1260c522e85,spotify:album:2LFT0OnfZzsvjcU7bNMM7W
The Remix,66CXWjxzNUsdJxJ2JdwvnR,73mU4gsuOLOppKZanTCC24,https://i.scdn.co/image/ab67616d0000b2732786e8f27167af2e6a7f73ac,spotify:album:73mU4gsuOLOppKZanTCC24
My Everything (Deluxe),66CXWjxzNUsdJxJ2JdwvnR,6dYDqMHA4COCFC0TfCiUCj,https://i.scdn.co/image/ab67616d0000b2739e730d8fbd256885242f1e96,spotify:album:6dYDqMHA4COCFC0TfCiUCj
My Everything,66CXWjxzNUsdJxJ2JdwvnR,3AJFL1V5nHtDvH50DJtxZ3,https://i.scdn.co/image/ab67616d0000b27346d1ba2fae86b9c5702533e7,spotify:album:3AJFL1V5nHtDvH50DJtxZ3
My Everything (Deluxe),66CXWjxzNUsdJxJ2JdwvnR,6EVYTRG1drKdO8OnIQBeEj,https://i.scdn.co/image/ab67616d0000b273deec12a28d1e336c5052e9aa,spotify:album:6EVYTRG1drKdO8OnIQBeEj
My Everything,66CXWjxzNUsdJxJ2JdwvnR,4OmcwMXInfxtJ6YityvgWP,https://i.scdn.co/image/ab67616d0000b2735b1c64d5433d4ddaaf2768b5,spotify:album:4OmcwMXInfxtJ6YityvgWP
My Everything,66CXWjxzNUsdJxJ2JdwvnR,2TrMNIWGgLtQwAcPjOIwW8,https://i.scdn.co/image/ab67616d0000b2738f3854c4a2891598859a9b80,spotify:album:2TrMNIWGgLtQwAcPjOIwW8
Invasion of Privacy,4kYSro6naA4h99UJvo89HB,4KdtEKjY3Gi0mKiSdy96ML,https://i.scdn.co/image/ab67616d0000b273a0caffda54afd0a65995bbab,spotify:album:4KdtEKjY3Gi0mKiSdy96ML
Invasion of Privacy,4kYSro6naA4h99UJvo89HB,4sDAyYEMhD2YyREWKxj3aD,https://i.scdn.co/image/ab67616d0000b273aa451cc44a4ac5ffb88ee848,spotify:album:4sDAyYEMhD2YyREWKxj3aD
Gangsta Bitch Music Vol. 2,4kYSro6naA4h99UJvo89HB,47IM97GbpNyDREWlr2HtNM,https://i.scdn.co/image/ab67616d0000b27345848cd86960ebce702abaf1,spotify:album:47IM97GbpNyDREWlr2HtNM
Gangsta Bitch Music Vol 1,4kYSro6naA4h99UJvo89HB,4hRSrC7bRqBqDDSfhe5qRO,https://i.scdn.co/image/ab67616d0000b2737071dfe56c3c2a9acb31c793,spotify:album:4hRSrC7bRqBqDDSfhe5qRO
"WHEN WE ALL FALL ASLEEP, WHERE DO WE GO?",6qqNVTkY8uBg9cP3Jd7DAH,0S0KGZnfBGSIssfF54WSJh,https://i.scdn.co/image/ab67616d0000b27350a3147b4edd7701a876c6ce,spotify:album:0S0KGZnfBGSIssfF54WSJh
Legends Never Die,4MCBfE4596Uoi2O4DtmEMz,6n9DKpOxwifT5hOXtgLZSL,https://i.scdn.co/image/ab67616d0000b2733e0698e4ae5ffb82a005aeeb,spotify:album:6n9DKpOxwifT5hOXtgLZSL
Legends Never Die,4MCBfE4596Uoi2O4DtmEMz,3rt9CHTA1UdpNZRqEtlPbl,https://i.scdn.co/image/ab67616d0000b2735059100e732e6e17b9adbf09,spotify:album:3rt9CHTA1UdpNZRqEtlPbl
Death Race For Love,4MCBfE4596Uoi2O4DtmEMz,1GYVNOzwhx1nMcIJDogSNp,https://i.scdn.co/image/ab67616d0000b273af149eb4002f65f83afc63c4,spotify:album:1GYVNOzwhx1nMcIJDogSNp
Death Race For Love,4MCBfE4596Uoi2O4DtmEMz,6XjQzQnap7YKNU7J15HFdI,https://i.scdn.co/image/ab67616d0000b2739fafa2d1b91958bcd1cd6408,spotify:album:6XjQzQnap7YKNU7J15HFdI
Goodbye & Good Riddance,4MCBfE4596Uoi2O4DtmEMz,6tkjU4Umpo79wwkgPMV3nZ,https://i.scdn.co/image/ab67616d0000b273f7db43292a6a99b21b51d5b4,spotify:album:6tkjU4Umpo79wwkgPMV3nZ
Future & Juice WRLD Present... WRLD ON DRUGS,4MCBfE4596Uoi2O4DtmEMz,6P9PZjWXoCRF5b66BafPKY,https://i.scdn.co/image/ab67616d0000b273644c510e8d4c02ae69028297,spotify:album:6P9PZjWXoCRF5b66BafPKY
JACKBOYS,0Y5tJX1MQlPlqiwlOH1tJY,1Sf8GsXG32t0jNrX11xqWx,https://i.scdn.co/image/ab67616d0000b273dfc2f59568272de50a257f2f,spotify:album:1Sf8GsXG32t0jNrX11xqWx
ASTROWORLD,0Y5tJX1MQlPlqiwlOH1tJY,41GuZcammIkupMPKH2OJ6I,https://i.scdn.co/image/ab67616d0000b273072e9faef2ef7b6db63834a3,spotify:album:41GuZcammIkupMPKH2OJ6I
ASTROWORLD,0Y5tJX1MQlPlqiwlOH1tJY,5qeikHFUgeO8f8HXm8k4cA,https://i.scdn.co/image/ab67616d0000b2730eb9240c0c5bbba4a0495587,spotify:album:5qeikHFUgeO8f8HXm8k4cA
"Huncho Jack, Jack Huncho",0Y5tJX1MQlPlqiwlOH1tJY,6FED8aeieEnUWwQqAO9zT1,https://i.scdn.co/image/ab67616d0000b273631973893e94d01cfcdf0e5e,spotify:album:6FED8aeieEnUWwQqAO9zT1
Birds In The Trap Sing McKnight,0Y5tJX1MQlPlqiwlOH1tJY,42WVQWuf1teDysXiOupIZt,https://i.scdn.co/image/ab67616d0000b273f54b99bf27cda88f4a7403ce,spotify:album:42WVQWuf1teDysXiOupIZt
Birds In The Trap Sing McKnight,0Y5tJX1MQlPlqiwlOH1tJY,3BXMEMy2oP1f7bp3YjDoR9,https://i.scdn.co/image/ab67616d0000b2733cdcaa1045106a5767aa79d9,spotify:album:3BXMEMy2oP1f7bp3YjDoR9
Rodeo (Expanded Edition),0Y5tJX1MQlPlqiwlOH1tJY,4PWBTB6NYSKQwfo79I3prg,https://i.scdn.co/image/ab67616d0000b2737433176f037e0ba14190c34f,spotify:album:4PWBTB6NYSKQwfo79I3prg
Rodeo (Expanded Edition),0Y5tJX1MQlPlqiwlOH1tJY,7EGY16IWSHpPdoWazUyL9R,https://i.scdn.co/image/ab67616d0000b27345ecf0c9464beb40d8e8f41f,spotify:album:7EGY16IWSHpPdoWazUyL9R
Red Pill Blues + (Deluxe),04gDigrS5kc9YWfZHwBETP,3mAaCQNqRARBgzS3BFWwH0,https://i.scdn.co/image/ab67616d0000b273ae663dbadd673799c01538d8,spotify:album:3mAaCQNqRARBgzS3BFWwH0
Red Pill Blues (Deluxe),04gDigrS5kc9YWfZHwBETP,0fe04UycvOyXQD4o3uA7Vo,https://i.scdn.co/image/ab67616d0000b27352b3e59e8b87676f666ddd89,spotify:album:0fe04UycvOyXQD4o3uA7Vo
Red Pill Blues (Deluxe),04gDigrS5kc9YWfZHwBETP,1Li4rADxSxjT2g4xqUcMYh,https://i.scdn.co/image/ab67616d0000b273deae7d931928fc1543e70203,spotify:album:1Li4rADxSxjT2g4xqUcMYh
Red Pill Blues (Deluxe),04gDigrS5kc9YWfZHwBETP,3ThQ5dvf9wlqB0C7evh5nH,https://i.scdn.co/image/ab67616d0000b273fc4852898bc6ed85b3e3f89c,spotify:album:3ThQ5dvf9wlqB0C7evh5nH
Red Pill Blues (Deluxe),04gDigrS5kc9YWfZHwBETP,3CxzjUQWtYW0MrQmTiprou,https://i.scdn.co/image/ab67616d0000b273c4a8749bca86555138589ac1,spotify:album:3CxzjUQWtYW0MrQmTiprou
Red Pill Blues (Deluxe),04gDigrS5kc9YWfZHwBETP,2EHdZj0rUnWRPuHARw69m7,https://i.scdn.co/image/ab67616d0000b273792a2693fcc9c482ba565eee,spotify:album:2EHdZj0rUnWRPuHARw69m7
Red Pill Blues (Deluxe),04gDigrS5kc9YWfZHwBETP,2rdc6PDLUZFnaTf1dqUJsH,https://i.scdn.co/image/ab67616d0000b2734c8f2dbd3d2556bc99966e7c,spotify:album:2rdc6PDLUZFnaTf1dqUJsH
Red Pill Blues (Deluxe),04gDigrS5kc9YWfZHwBETP,4TzpYBYJA7Jz0k6WYRbnCe,https://i.scdn.co/image/ab67616d0000b2733ad198933a3fd3200b003bb2,spotify:album:4TzpYBYJA7Jz0k6WYRbnCe
V (Extended Edition),04gDigrS5kc9YWfZHwBETP,1zxTHB0Arv2mL0C1l4fU5t,https://i.scdn.co/image/ab67616d0000b273882fb8efedcb71c8d48907af,spotify:album:1zxTHB0Arv2mL0C1l4fU5t
V (Deluxe),04gDigrS5kc9YWfZHwBETP,3z4ASjF9zQ6efgXFr9bQXu,https://i.scdn.co/image/ab67616d0000b2733616b98c1ceb7425fe646ed5,spotify:album:3z4ASjF9zQ6efgXFr9bQXu
V Japan Special Edition,04gDigrS5kc9YWfZHwBETP,1O9WSLw5TKAGqpu71k7qvX,https://i.scdn.co/image/ab67616d0000b27373d5224bd020b0550d793401,spotify:album:1O9WSLw5TKAGqpu71k7qvX
V (Deluxe),04gDigrS5kc9YWfZHwBETP,4KXLjIEas8MTwwX3xpmAdC,https://i.scdn.co/image/ab67616d0000b2735430b6be862e01be82a50bc8,spotify:album:4KXLjIEas8MTwwX3xpmAdC
V (Asia Tour Edition),04gDigrS5kc9YWfZHwBETP,6LtzdMGhOCh9s6sssWrpuD,https://i.scdn.co/image/ab67616d0000b27337677af5b4f23fe9dc8a3c04,spotify:album:6LtzdMGhOCh9s6sssWrpuD
V (Deluxe),04gDigrS5kc9YWfZHwBETP,0AaeEVlbHgCeA7cM7Xbc2L,https://i.scdn.co/image/ab67616d0000b273de52eda956c4fa5a6ce26f61,spotify:album:0AaeEVlbHgCeA7cM7Xbc2L
V (Deluxe),04gDigrS5kc9YWfZHwBETP,7cVkMpmcdlEo67aMmffyoU,https://i.scdn.co/image/ab67616d0000b273df8c14c6ac24390cffd9fea4,spotify:album:7cVkMpmcdlEo67aMmffyoU
V (Deluxe),04gDigrS5kc9YWfZHwBETP,7rJYzjGgbNVsLPQoiT5Bs3,https://i.scdn.co/image/ab67616d0000b273fcf7e375c2a2ee2a323fe248,spotify:album:7rJYzjGgbNVsLPQoiT5Bs3
V (Deluxe),04gDigrS5kc9YWfZHwBETP,23EYFmM6jGfFlpuiqfjTSc,https://i.scdn.co/image/ab67616d0000b273cbe25e415d30a2640caa8fbd,spotify:album:23EYFmM6jGfFlpuiqfjTSc
V (Deluxe),04gDigrS5kc9YWfZHwBETP,0lHJwrDEFxrJhpB1gQoeMp,https://i.scdn.co/image/ab67616d0000b273780d065ddd0444fc736b4f16,spotify:album:0lHJwrDEFxrJhpB1gQoeMp
V,04gDigrS5kc9YWfZHwBETP,5hn3e5Ia7OOgtsCVgJOByP,https://i.scdn.co/image/ab67616d0000b27371c4adaf45d094f296d53b82,spotify:album:5hn3e5Ia7OOgtsCVgJOByP
V,04gDigrS5kc9YWfZHwBETP,2Auw0pTT6EcQdvHNimhLQI,https://i.scdn.co/image/ab67616d0000b273442b53773d50e1b5369bb16c,spotify:album:2Auw0pTT6EcQdvHNimhLQI
Shawn Mendes (Deluxe),7n2wHs1TKAczGzO7Dd2rGr,0xzScN8P3hQAz3BT3YYX5w,https://i.scdn.co/image/ab67616d0000b273c820f033bd82bef4355d1563,spotify:album:0xzScN8P3hQAz3BT3YYX5w
Shawn Mendes,7n2wHs1TKAczGzO7Dd2rGr,2VP96XdMOKTXefI8Nui23s,https://i.scdn.co/image/ab67616d0000b273269423eb6467e308c0fbce24,spotify:album:2VP96XdMOKTXefI8Nui23s
MTV Unplugged,7n2wHs1TKAczGzO7Dd2rGr,0AvTcYvLE30zb3qIwxzf3o,https://i.scdn.co/image/ab67616d0000b273f1f27e693a1b06b75c1b911d,spotify:album:0AvTcYvLE30zb3qIwxzf3o
Illuminate (Deluxe),7n2wHs1TKAczGzO7Dd2rGr,3wBabo4pmzsYjALMSKY7Iq,https://i.scdn.co/image/ab67616d0000b273ea3ef7697cfd5705b8f47521,spotify:album:3wBabo4pmzsYjALMSKY7Iq
Illuminate,7n2wHs1TKAczGzO7Dd2rGr,1ne2D0NxoGyZd31gAM4HNd,https://i.scdn.co/image/ab67616d0000b2731376b4b16f4bfcba02dc571b,spotify:album:1ne2D0NxoGyZd31gAM4HNd
Live At Madison Square Garden,7n2wHs1TKAczGzO7Dd2rGr,6kTIdOmlTbxh7vzNwb4n0L,https://i.scdn.co/image/ab67616d0000b273fd173935864c7879e51ad763,spotify:album:6kTIdOmlTbxh7vzNwb4n0L
Handwritten (Revisited),7n2wHs1TKAczGzO7Dd2rGr,11fLgnq2LE8p5hzo8urweI,https://i.scdn.co/image/ab67616d0000b2731e14091e65888a7eb8d9020f,spotify:album:11fLgnq2LE8p5hzo8urweI
Handwritten,7n2wHs1TKAczGzO7Dd2rGr,6sUOosXuYt0oUeczJRbedZ,https://i.scdn.co/image/ab67616d0000b273d26246b23c8bfa8ce543b3bb,spotify:album:6sUOosXuYt0oUeczJRbedZ
Handwritten,7n2wHs1TKAczGzO7Dd2rGr,0CnQ0JQajNswRjPkNYVG8m,https://i.scdn.co/image/ab67616d0000b27375bd5306fb4669a15ee74eff,spotify:album:0CnQ0JQajNswRjPkNYVG8m
Handwritten (Deluxe),7n2wHs1TKAczGzO7Dd2rGr,5Jov5724Nz13A302HM2eKG,https://i.scdn.co/image/ab67616d0000b2732d6a4125a1d62dc6185f74ea,spotify:album:5Jov5724Nz13A302HM2eKG
Handwritten (Deluxe),7n2wHs1TKAczGzO7Dd2rGr,3Qv3N62b2EXxvMLwFURoFj,https://i.scdn.co/image/ab67616d0000b2731a7fda6a385b6d7eb60e7e76,spotify:album:3Qv3N62b2EXxvMLwFURoFj
Tickets To My Downfall (SOLD OUT Deluxe),6TIYQ3jFPwQSRmorSezPxX,13lMLnHs5qsmm687oRc3VC,https://i.scdn.co/image/ab67616d0000b273d2939e48fb657d72064ca699,spotify:album:13lMLnHs5qsmm687oRc3VC
Tickets To My Downfall,6TIYQ3jFPwQSRmorSezPxX,57lgFncHBYu5E3igZnuCJK,https://i.scdn.co/image/ab67616d0000b273d4d4929a3a86fe2f9fadbd42,spotify:album:57lgFncHBYu5E3igZnuCJK
Tickets To My Downfall,6TIYQ3jFPwQSRmorSezPxX,3DvW6xTKba1sol3kkj4JoB,https://i.scdn.co/image/ab67616d0000b2735f8e44135375d0ee4e136dd8,spotify:album:3DvW6xTKba1sol3kkj4JoB
Hotel Diablo,6TIYQ3jFPwQSRmorSezPxX,0bJIHF1Or1YBLFBMwv53K2,https://i.scdn.co/image/ab67616d0000b273cfc4b1939aba562fc97159c5,spotify:album:0bJIHF1Or1YBLFBMwv53K2
Hotel Diablo,6TIYQ3jFPwQSRmorSezPxX,5j1Vj7oaFnkFmYPVT5BZ1m,https://i.scdn.co/image/ab67616d0000b273eaf9d89472e3094038b48e1c,spotify:album:5j1Vj7oaFnkFmYPVT5BZ1m
BINGE,6TIYQ3jFPwQSRmorSezPxX,5YuscmEJSgkwWzBafTBKse,https://i.scdn.co/image/ab67616d0000b273ed882d7c9151009310f0613a,spotify:album:5YuscmEJSgkwWzBafTBKse
BINGE,6TIYQ3jFPwQSRmorSezPxX,02CbDevbNhOlG3lYr5pAVD,https://i.scdn.co/image/ab67616d0000b273a90a8610d6ca364fe127581b,spotify:album:02CbDevbNhOlG3lYr5pAVD
bloom,6TIYQ3jFPwQSRmorSezPxX,6i34bwPf5FpNf0nh7sIXhv,https://i.scdn.co/image/ab67616d0000b27385481706e2f485b9d5b7c719,spotify:album:6i34bwPf5FpNf0nh7sIXhv
bloom,6TIYQ3jFPwQSRmorSezPxX,3yWRq9Dd2UO5xyqxTjLDmp,https://i.scdn.co/image/ab67616d0000b273748388a726648841ed81027e,spotify:album:3yWRq9Dd2UO5xyqxTjLDmp
bloom,6TIYQ3jFPwQSRmorSezPxX,1g7uDb5hyCOsmyc7vceAD6,https://i.scdn.co/image/ab67616d0000b273b39c801f36fbeb3d48b30615,spotify:album:1g7uDb5hyCOsmyc7vceAD6
bloom,6TIYQ3jFPwQSRmorSezPxX,0EJfNw0SoM80JGN60826p3,https://i.scdn.co/image/ab67616d0000b273e82d82470e7a6a6e3d158727,spotify:album:0EJfNw0SoM80JGN60826p3
bloom,6TIYQ3jFPwQSRmorSezPxX,1dRiSd1bcF1j9BmHDvn7Mq,https://i.scdn.co/image/ab67616d0000b273d4a4182d520ff1a58ed0216d,spotify:album:1dRiSd1bcF1j9BmHDvn7Mq
General Admission,6TIYQ3jFPwQSRmorSezPxX,1HK1WLip5xwWQYixdF3Jsk,https://i.scdn.co/image/ab67616d0000b27325db200c7c4a44644043da9e,spotify:album:1HK1WLip5xwWQYixdF3Jsk
General Admission,6TIYQ3jFPwQSRmorSezPxX,6DRIWKfLFZkINszjoy6gMM,https://i.scdn.co/image/ab67616d0000b27349b08e464afa1504282e5074,spotify:album:6DRIWKfLFZkINszjoy6gMM
General Admission,6TIYQ3jFPwQSRmorSezPxX,5VhTbiCWdGGxnszR5TsV74,https://i.scdn.co/image/ab67616d0000b273b621a55a1f1a2ab3e694dedc,spotify:album:5VhTbiCWdGGxnszR5TsV74
General Admission,6TIYQ3jFPwQSRmorSezPxX,14DYPFowramAznQ3hu5NsF,https://i.scdn.co/image/ab67616d0000b273fd4b6c89347c58bfe06c0d4d,spotify:album:14DYPFowramAznQ3hu5NsF
Lace Up (Deluxe),6TIYQ3jFPwQSRmorSezPxX,5NzdnPboXcqvuvyEH1wSEJ,https://i.scdn.co/image/ab67616d0000b273a57d3a2736f815d3cf358e37,spotify:album:5NzdnPboXcqvuvyEH1wSEJ
Lace Up,6TIYQ3jFPwQSRmorSezPxX,1q58k4AGAeJE5ZvUn9PhK4,https://i.scdn.co/image/ab67616d0000b2735c55d55765ce97640afdea02,spotify:album:1q58k4AGAeJE5ZvUn9PhK4
Lace Up,6TIYQ3jFPwQSRmorSezPxX,3A9kcRzKS8zQtbQ0JwksuS,https://i.scdn.co/image/ab67616d0000b273cfac68443715de902bd7ea53,spotify:album:3A9kcRzKS8zQtbQ0JwksuS
Lace Up,6TIYQ3jFPwQSRmorSezPxX,0zdT9vYMv5CzX7OAdkcgaZ,https://i.scdn.co/image/ab67616d0000b273a9d25b95e711540888cc18a7,spotify:album:0zdT9vYMv5CzX7OAdkcgaZ
Chromatica,1HY2Jd0NmPuamShAr6KMms,05c49JgPmL4Uz2ZeqRx5SP,https://i.scdn.co/image/ab67616d0000b2736040effba89b9b00a6f6743a,spotify:album:05c49JgPmL4Uz2ZeqRx5SP
A Star Is Born Soundtrack,1HY2Jd0NmPuamShAr6KMms,4sLtOBOzn4s3GDUv3c5oJD,https://i.scdn.co/image/ab67616d0000b273e2d156fdc691f57900134342,spotify:album:4sLtOBOzn4s3GDUv3c5oJD
A Star Is Born Soundtrack,1HY2Jd0NmPuamShAr6KMms,3a3AKiS0o5qVn25cloDYII,https://i.scdn.co/image/ab67616d0000b273f853e8a6d62a3def9dc5d9e4,spotify:album:3a3AKiS0o5qVn25cloDYII
A Star Is Born Soundtrack (Without Dialogue),1HY2Jd0NmPuamShAr6KMms,3edjzMAVB9RYRd4UcZBchx,https://i.scdn.co/image/ab67616d0000b273b5d4b4ed17ec86c4b3944af2,spotify:album:3edjzMAVB9RYRd4UcZBchx
Joanne,1HY2Jd0NmPuamShAr6KMms,0akg3PQJSnnYsFSS0Qmizu,https://i.scdn.co/image/ab67616d0000b273cf63edcbc82f7cd35f527239,spotify:album:0akg3PQJSnnYsFSS0Qmizu
Joanne (Deluxe),1HY2Jd0NmPuamShAr6KMms,2ZUwFxlWo0gwTsvZ6L4Meh,https://i.scdn.co/image/ab67616d0000b2738093238ec0c71ef7c95c8fb1,spotify:album:2ZUwFxlWo0gwTsvZ6L4Meh
Joanne,1HY2Jd0NmPuamShAr6KMms,6Lz05XTRg1D6cCViSANoY3,https://i.scdn.co/image/ab67616d0000b27382ce5c15eb33e743565982c8,spotify:album:6Lz05XTRg1D6cCViSANoY3
Joanne (Deluxe),1HY2Jd0NmPuamShAr6KMms,1QV5fPVm9bIVWsm0ngE34T,https://i.scdn.co/image/ab67616d0000b273dfbbdb57408ce8690ec971e4,spotify:album:1QV5fPVm9bIVWsm0ngE34T
Joanne,1HY2Jd0NmPuamShAr6KMms,6LLCH4SnDCldLdoQH6Gslt,https://i.scdn.co/image/ab67616d0000b273e8b49cc17d718b2eaf70ab3b,spotify:album:6LLCH4SnDCldLdoQH6Gslt
Cheek To Cheek (Deluxe),1HY2Jd0NmPuamShAr6KMms,1nCIPxGvDnphvLE1dYm5zU,https://i.scdn.co/image/ab67616d0000b27337012dbdd46e5472a596379d,spotify:album:1nCIPxGvDnphvLE1dYm5zU
Cheek To Cheek (Deluxe),1HY2Jd0NmPuamShAr6KMms,2VX9rp6NAC19TQN4IgkmYu,https://i.scdn.co/image/ab67616d0000b2734883efb117dd51c4f3f88e93,spotify:album:2VX9rp6NAC19TQN4IgkmYu
Cheek To Cheek (Deluxe),1HY2Jd0NmPuamShAr6KMms,66Cm7hLY0wTGJrVkvo4TYs,https://i.scdn.co/image/ab67616d0000b2736beac36fe8244c842f1b7dab,spotify:album:66Cm7hLY0wTGJrVkvo4TYs
Cheek To Cheek,1HY2Jd0NmPuamShAr6KMms,56uP6C9dDe31eLwhpfgIWT,https://i.scdn.co/image/ab67616d0000b273754dd2d17c71128537fe902d,spotify:album:56uP6C9dDe31eLwhpfgIWT
Cheek To Cheek,1HY2Jd0NmPuamShAr6KMms,46GsTGkF2AgB8necqjxf7J,https://i.scdn.co/image/ab67616d0000b273ffd04199e130eef4d8ad9aaf,spotify:album:46GsTGkF2AgB8necqjxf7J
ARTPOP,1HY2Jd0NmPuamShAr6KMms,3m73auBlGk2iiRACSODAlR,https://i.scdn.co/image/ab67616d0000b273d6e30ac5f7f058cbecd33d05,spotify:album:3m73auBlGk2iiRACSODAlR
ARTPOP,1HY2Jd0NmPuamShAr6KMms,7apoUQ821YfO0nPhsZvYKc,https://i.scdn.co/image/ab67616d0000b273fc21910cce633dd6e9766deb,spotify:album:7apoUQ821YfO0nPhsZvYKc
ARTPOP,1HY2Jd0NmPuamShAr6KMms,2eRJUtI7nXrQ5uYQ7tzTo9,https://i.scdn.co/image/ab67616d0000b2737da123c944790bfab54b2522,spotify:album:2eRJUtI7nXrQ5uYQ7tzTo9
ARTPOP,1HY2Jd0NmPuamShAr6KMms,6ENciIfVWVnQuHpYzQL2lB,https://i.scdn.co/image/ab67616d0000b273a941ef8c407ad07e2b1f4453,spotify:album:6ENciIfVWVnQuHpYzQL2lB
ARTPOP,1HY2Jd0NmPuamShAr6KMms,3P4ieBubW04cGQT52hPxt6,https://i.scdn.co/image/ab67616d0000b273a7c9fc43ec247a0b0fa74824,spotify:album:3P4ieBubW04cGQT52hPxt6
Born This Way (International Special Edition Version),1HY2Jd0NmPuamShAr6KMms,6LY3AerY6KNGOPsNPL63Kk,https://i.scdn.co/image/ab67616d0000b273a5d31644260279be8d0c46c0,spotify:album:6LY3AerY6KNGOPsNPL63Kk
After The Sunset,20gsENnposVs2I4rQ5kvrf,1Ccd1TNxIFOJFCgtQMNLP3,https://i.scdn.co/image/ab67616d0000b27328baa1c1fcb8b1c52974fdd6,spotify:album:1Ccd1TNxIFOJFCgtQMNLP3
Sunrise To Sunset,20gsENnposVs2I4rQ5kvrf,4QyylR4pPcWRpp3U2gkPcd,https://i.scdn.co/image/ab67616d0000b27309345bdc4fa847fb5e5898cc,spotify:album:4QyylR4pPcWRpp3U2gkPcd
Sunrise,20gsENnposVs2I4rQ5kvrf,2qQf72CQ3j5D9AEwvmGvdX,https://i.scdn.co/image/ab67616d0000b27301288d5dc8b701031d97a0d7,spotify:album:2qQf72CQ3j5D9AEwvmGvdX
Been a While,20gsENnposVs2I4rQ5kvrf,79uglAEg2NmqtKsIfkcfOR,https://i.scdn.co/image/ab67616d0000b2734979bda73192a9b499cac990,spotify:album:79uglAEg2NmqtKsIfkcfOR
Fine Line,6KImCVD70vtIoJWnq6nGn3,7xV2TzoaVc0ycW7fwBwAml,https://i.scdn.co/image/ab67616d0000b27377fdcfda6535601aff081b6a,spotify:album:7xV2TzoaVc0ycW7fwBwAml
Harry Styles,6KImCVD70vtIoJWnq6nGn3,1FZKIm3JVDCxTchXDo5jOV,https://i.scdn.co/image/ab67616d0000b2736c619c39c853f8b1d67b7859,spotify:album:1FZKIm3JVDCxTchXDo5jOV